{
    "loss": 6.416677951812744,
    "accuracy": 0.5035971403121948
}