{
    "loss": 17.5921630859375,
    "accuracy": 0.5035971403121948
}